{
  "project_info": {
    "project_number": "232301402259",
    "project_id": "health-68df9",
    "storage_bucket": "health-68df9.appspot.com"
  },
  "client": [
    {
      "client_info": {
        "mobilesdk_app_id": "1:232301402259:android:053101ae9af011280bd566",
        "android_client_info": {
          "package_name": "com.example.android.Health5"
        }
      },
      "oauth_client": [
        {
          "client_id": "232301402259-cqkakqripuau37crtibblnc41rtk71r7.apps.googleusercontent.com",
          "client_type": 1,
          "android_info": {
            "package_name": "com.example.android.Health5",
            "certificate_hash": "e3def8c4671a84719ea46c86e61e5a580e42a131"
          }
        },
        {
          "client_id": "232301402259-sovg1pbmhtul6jofer7nki84g66pjj8f.apps.googleusercontent.com",
          "client_type": 3
        }
      ],
      "api_key": [
        {
          "current_key": "AIzaSyDzf3bQQmUL8nbLCtVgXvKTqXJH1VLavqk"
        }
      ],
      "services": {
        "appinvite_service": {
          "other_platform_oauth_client": [
            {
              "client_id": "232301402259-sovg1pbmhtul6jofer7nki84g66pjj8f.apps.googleusercontent.com",
              "client_type": 3
            }
          ]
        }
      }
    }
  ],
  "configuration_version": "1"
}